,Company Name,Industry,Symbol,eps,bv,insider_h,inst_h,float_pc,price,dv_avg,trn_avg
0,3M India Ltd.,CONSUMER GOODS,3MINDIA,144.14,1695.911,76.48,8.9209996,0.2294041775039724,26391.400390625,-0.0011250556979421696,23217549.421043668
1,ABB India Ltd.,INDUSTRIAL MANUFACTURING,ABB,13.96,170.186,75.0,14.151,0.2474904392472205,1495.6500244140625,-0.0007503213125701185,121626258.29428998
2,ABB Power Products and Systems India Ltd.,INDUSTRIAL MANUFACTURING,POWERINDIA,25.976,220.029,77.024,11.006,0.2414598517756484,1806.25,-0.0008529948809941575,67087513.18113564
3,ACC Ltd.,CEMENT & CEMENT PRODUCTS,ACC,88.701,676.251,57.14399999999999,28.893998,0.4260405810395573,1961.199951171875,-0.0006574308296476253,641314144.6759309
4,AIA Engineering Ltd.,INDUSTRIAL MANUFACTURING,AIAENG,60.02,449.929,58.557,33.188,0.3146918058023503,1943.1500244140625,-0.000497808884090889,54897193.77604553
5,APL Apollo Tubes Ltd.,METALS,APLAPOLLO,22.6,115.077,48.841,26.236,0.4886777799128875,1271.6500244140625,5.15640273823323e-05,54058653.530227594
6,AU Small Finance Bank Ltd.,FINANCIAL SERVICES,AUBANK,37.86,203.877,39.845002,40.39,0.6456696816878635,963.7999877929688,-0.00024385627725665246,543537796.7471665
7,Aarti Drugs Ltd.,PHARMA,AARTIDRUGS,30.087,98.006,65.756,2.853,0.3054463930885529,725.6500244140625,-0.0019976515109220816,46688754.89115969
8,Aarti Industries Ltd.,CHEMICALS,AARTIIND,30.04,201.045,48.374,19.830999,0.4905813331496723,1653.75,-0.0014647329813342403,55703512.38823633
9,Aavas Financiers Ltd.,FINANCIAL SERVICES,AAVAS,36.54,306.113,37.888,51.617,0.4354096193089322,2314.10009765625,0.0005472512675723614,128666402.74542454
10,Abbott India Ltd.,PHARMA,ABBOTINDIA,325.04,1224.536,74.98599999999999,4.048,0.2455800896970723,16131.400390625,-0.00017567249841064103,31002908.213261
11,Adani Enterprises Ltd.,METALS,ADANIENT,8.39,156.22,17.466,14.693,0.250418669570111,1282.75,-0.0006301345178320631,648350863.2282337
12,Adani Green Energy Ltd.,POWER,ADANIGREEN,0.68,10.057,98.437,12.328,0.3852297179453299,1314.25,0.000806382659001556,538728326.140491
13,Adani Ports and Special Economic Zone Ltd.,SERVICES,ADANIPORTS,24.58,150.786,35.076,21.586001,0.3563373117661824,764.0,-0.0009448603497312934,1112818536.5120962
14,Adani Total Gas Ltd.,OIL & GAS,ATGL,4.21,17.625,80.71300000000001,10.819,0.2433456918189567,1294.4000244140625,0.0014739967284395704,591807394.624877
15,Adani Transmission Ltd.,POWER,ADANITRANS,9.02,62.475,76.475996,17.206,0.3255767454126769,1450.199951171875,0.00036093459344738307,196080378.35287464
16,Aditya Birla Capital Ltd.,FINANCIAL SERVICES,ABCAPITAL,4.66,56.78,77.366996,5.197,0.2908599727733773,124.3000030517578,-0.002369668984734194,346065695.6313499
17,Aditya Birla Fashion and Retail Ltd.,CONSUMER SERVICES,ABFRL,-8.583,12.216,64.592004,20.131001,0.2943830614732553,184.8500061035156,-0.0008602554790378647,135071950.0455482
18,Advanced Enzyme Tech Ltd.,CONSUMER GOODS,ADVENZYMES,13.07,87.027,64.902,20.535,0.2779848807457639,483.3500061035156,-0.002090491832903131,135621733.21155962
19,Aegis Logistics Ltd.,SERVICES,AEGISCHEM,6.36,55.345,63.464,10.258,0.3623037834757834,357.3999938964844,0.000836665333828214,28627024.46658006
20,Affle (India) Ltd.,IT,AFFLE,52.96,140.967,64.375,15.769,0.3829467696302466,5147.2001953125,-0.0020448149012824665,287604768.8293083
21,Ajanta Pharmaceuticals Ltd.,PHARMA,AJANTPHARM,75.09,346.098,59.483004,14.704001,0.2873848573587976,1969.050048828125,-5.5345137446191614e-05,112957554.88255419
22,Akzo Nobel India Ltd.,CONSUMER GOODS,AKZOINDIA,45.6,283.001,80.037004,11.3649994,0.1995695021771925,2250.39990234375,-0.0012357479247564118,14664452.589492641
23,Alembic Ltd.,PHARMA,ALEMBICLTD,13.35,89.403,71.774,5.213,0.2592679042923569,131.0,-0.002728573826273826,42568720.234857865
24,Alembic Pharmaceuticals Ltd.,PHARMA,APLLTD,60.81,260.778,70.095,14.957,0.2878843510575499,954.4500122070312,0.000589178733643594,95731075.12609985
25,Alkem Laboratories Ltd.,PHARMA,ALKEM,128.274,585.15,80.307996,14.142999,0.2572576506502739,2905.0,-0.0002469864195640797,212861760.5020964
26,Alkyl Amines Chemicals Ltd.,CHEMICALS,ALKYLAMINE,57.72,155.287,74.75700400000001,1.5890000000000002,0.2184700458843213,3605.199951171875,0.0014335147642123187,28809345.34229868
27,Alok Industries Ltd.,TEXTILES,ALOKINDS,-15.19,-35.659,75.069,0.857,0.2291081575087541,20.89999961853028,-0.004502729172582954,66637422.083599314
28,Amara Raja Batteries Ltd.,AUTOMOBILE,AMARAJABAT,37.87,246.535,52.491003000000006,29.073,0.4560883603025548,733.5999755859375,-0.0012958464168318696,175937550.84465426
29,Amber Enterprises India Ltd.,CONSUMER GOODS,AMBER,24.96,475.992,53.069997,29.282000000000004,0.4737923706805723,2766.25,-0.0008366730248056167,188036866.70882368
30,Ambuja Cements Ltd.,CEMENT & CEMENT PRODUCTS,AMBUJACEM,13.89,114.611,64.357,20.882,0.3513691471982882,322.29998779296875,-0.0008037032309342144,473160123.06485176
31,Angel Broking Ltd.,FINANCIAL SERVICES,ANGELBRKG,38.32,138.278,71.810997,15.662999999999998,0.2099994622928999,714.7000122070312,0.0022051750203360004,252511748.44972685
32,Apollo Hospitals Enterprise Ltd.,HEALTHCARE SERVICES,APOLLOHOSP,14.534,225.396,29.965000000000003,47.107,0.6738832520156206,3199.64990234375,-0.0018395639460299926,367047445.9697748
33,Apollo Tyres Ltd.,AUTOMOBILE,APOLLOTYRE,5.68,180.051,32.189,23.005,0.3899460339687203,219.0,-0.0016298627477406374,382317436.70617044
34,Asahi India Glass Ltd.,AUTOMOBILE,ASAHIINDIA,4.147,52.388,54.269004,1.328,0.4535152865193961,311.1000061035156,-0.0012506888456088115,8882245.479359658
35,Ashok Leyland Ltd.,AUTOMOBILE,ASHOKLEY,-1.694,24.888,35.167,29.864,0.5641902651402112,126.3499984741211,-0.002747509952464915,739319018.4790821
36,Ashoka Buildcon Ltd.,CONSTRUCTION,ASHOKA,9.523,16.373,54.481,28.69,0.4559930727160062,93.75,-0.0024676874091375243,42925656.81457965
37,Asian Paints Ltd.,CONSUMER GOODS,ASIANPAINT,32.73,133.454,43.875,16.212,0.4673486261673001,2914.39990234375,-0.0003632560124582166,802572061.5690652
38,Aster DM Healthcare Ltd.,HEALTHCARE SERVICES,ASTERDM,3.472,64.196,23.531,36.196,0.2075707952757312,148.8000030517578,-0.0025983640139975884,44216855.83181752
39,AstraZenca Pharma India Ltd.,PHARMA,ASTRAZEN,37.32,182.443,83.585,2.7609998,0.16676384,3859.550048828125,-0.0006232599631950914,37773889.85158367
40,Astral Poly Technik Ltd.,INDUSTRIAL MANUFACTURING,ASTRAL,20.13,94.356,63.514,18.844,0.3532221464550938,1815.6500244140625,9.533945755873186e-06,52756169.87438813
41,Atul Ltd.,CHEMICALS,ATUL,221.17,1290.59,49.056998,30.034,0.5091396588378043,8597.5,-0.00040728928400596005,39754135.97997165
42,Aurobindo Pharma Ltd.,PHARMA,AUROPHARMA,91.04,373.988,50.68,23.319000000000003,0.4782087694697398,1022.6500244140624,-0.0015588788154949932,642486180.4108225
43,Avanti Feeds Ltd.,CONSUMER GOODS,AVANTIFEED,27.69,118.698,71.114,9.712,0.2829275208079503,554.2000122070312,-0.0021793287184512255,112146105.9601467
44,Avenue Supermarts Ltd.,CONSUMER SERVICES,DMART,16.85,188.107,78.424,12.2609995,0.1884480483543717,3103.85009765625,0.0002707357264384699,1259409665.0283866
45,Axis Bank Ltd.,FINANCIAL SERVICES,AXISBANK,24.13,338.103,2.2669999,65.630996,0.8619367854474691,731.5499877929688,-0.0028293728418689154,2600795101.879547
46,BASF India Ltd.,CHEMICALS,BASF,127.668,412.649,75.365996,8.9899994,0.257626185151644,2403.5,-0.0021049513634064693,24544642.892515104
47,BEML Ltd.,INDUSTRIAL MANUFACTURING,BEML,23.029,504.154,55.615,22.503,0.4441397543493138,1313.1500244140625,-0.0023435651454923774,324119222.74444234
48,BSE Ltd.,FINANCIAL SERVICES,BSE,30.94,648.048,0.0,3.874,0.9813012750892296,799.0499877929688,-0.0027474946505147463,168384521.3798055
49,Bajaj Auto Ltd.,AUTOMOBILE,BAJAJ-AUTO,167.9,942.355,58.425,17.559,0.3974098940816363,4150.10009765625,-5.841827009523928e-05,712027576.8642936
50,Bajaj Consumer Care Ltd.,CONSUMER GOODS,BAJAJCON,12.982,49.735,38.04,33.567002,0.6199196827978853,285.25,-0.0015457329385649007,56616925.054825805
51,Bajaj Electricals Ltd,CONSUMER GOODS,BAJAJELEC,16.49,137.01,65.629,19.221,0.3344857993486821,1131.1500244140625,-0.000916146590240961,78540461.98919107
52,Bajaj Finance Ltd.,FINANCIAL SERVICES,BAJFINANCE,73.0,614.101,56.668997,21.31,0.4297930830928236,5618.64990234375,0.0002746527995312046,2040072055.4523346
53,Bajaj Finserv Ltd.,FINANCIAL SERVICES,BAJAJFINSV,280.9,2250.674,68.69800000000001,9.467,0.3258523071744374,11375.849609375,-0.00021075707784140287,762549264.211717
54,Bajaj Holdings & Investment Ltd.,FINANCIAL SERVICES,BAJAJHLDNG,327.9,3340.789,60.033,12.328,0.2504455675957374,3560.10009765625,-0.0001576701255465532,149269130.26172185
55,Balaji Amines Ltd.,CHEMICALS,BALAMINES,73.52,276.049,72.489,0.823,0.2593995247060276,2794.699951171875,-0.0025109705457022667,32763069.603006985
56,Balkrishna Industries Ltd.,AUTOMOBILE,BALKRISIND,60.91,310.295,59.072,27.071,0.4145395868770811,2208.64990234375,0.0003934026865898919,230373013.64697513
57,Balmer Lawrie & Co. Ltd.,INDUSTRIAL MANUFACTURING,BALMLAWRIE,5.4,84.5,63.346,5.903,0.3628995812963439,137.85000610351562,-0.0023227966602732213,16032300.787529249
58,Balrampur Chini Mills Ltd.,CONSUMER GOODS,BALRAMCHIN,22.488,112.541,46.276,26.657,0.5761506285714286,297.29998779296875,-0.0018743998986761894,204112171.86774212
59,Bandhan Bank Ltd.,FINANCIAL SERVICES,BANDHANBNK,13.69,108.133,49.67,28.012,0.4209298525374653,294.1000061035156,-0.0026552682813773343,2184538557.362856
60,Bank of Baroda,FINANCIAL SERVICES,BANKBARODA,3.32,176.837,65.294,18.047,0.3245706767833013,80.8499984741211,-0.001220968325419642,944740184.9060496
61,Bank of India,FINANCIAL SERVICES,BANKINDIA,-4.875,143.34,89.09899999999999,4.789000000000001,0.068657059252575,77.0,-0.0017327004640001692,462354657.65779966
62,Bank of Maharashtra.,FINANCIAL SERVICES,MAHABANK,0.91,18.938,93.33,1.966,0.0660309730104035,24.75,-0.00385746385584186,24549636.29387228
63,Bata India Ltd.,CONSUMER GOODS,BATAINDIA,-6.256,132.259,53.182,29.354000000000003,0.4589516292169799,1531.0,-0.0015348475156971944,317054926.35065305
64,Bayer Cropscience Ltd.,FERTILISERS & PESTICIDES,BAYERCROP,109.72,567.328,72.708,12.617,0.3347996644571571,5259.75,-0.00031403725024058653,52465125.49799039
65,Berger Paints India Ltd.,CONSUMER GOODS,BERGEPAINT,7.41,34.806,76.435995,11.8090004,0.231555330313991,820.0499877929688,-0.0010988437767090605,141459232.26834413
66,Bharat Dynamics Ltd.,INDUSTRIAL MANUFACTURING,BDL,16.582,136.664,74.926,16.375,0.2511095531390402,360.1499938964844,-0.0015019599963983312,103609417.13785604
67,Bharat Electronics Ltd.,INDUSTRIAL MANUFACTURING,BEL,7.295,41.607,51.137,39.228,0.4891203180963455,149.1999969482422,-0.0015404165450619586,370743969.43607414
68,Bharat Forge Ltd.,INDUSTRIAL MANUFACTURING,BHARATFORG,-8.744,113.545,47.325,31.725,0.5214952010721078,658.2000122070312,-0.0013781511920085,302672557.4423509
69,Bharat Heavy Electricals Ltd.,INDUSTRIAL MANUFACTURING,BHEL,-9.644,78.286,63.181,25.526,0.3649510560764508,74.5,-0.0013844481988020238,859101795.5573317
70,Bharat Petroleum Corporation Ltd.,OIL & GAS,BPCL,81.6,268.105,54.495000000000005,26.071,0.4110920526760777,474.3999938964844,-0.0010545533927664777,784459782.1313518
71,Bharat Rasayan Ltd.,FERTILISERS & PESTICIDES,BHARATRAS,360.819,1518.355,0.0,1.433,0.2041600568639173,12326.5498046875,0.0010597657536195236,6213516.289677731
72,Bharti Airtel Ltd.,TELECOM,BHARTIARTL,-27.65,107.408,55.996,29.455,0.4237814292670717,526.0999755859375,-0.001507841529743187,2303746820.025135
73,Biocon Ltd.,PHARMA,BIOCON,6.19,64.16,66.407996,13.259000000000002,0.3572731751911684,381.5499877929688,-0.0013318602524817758,553327873.3908178
74,Birla Corporation Ltd.,CEMENT & CEMENT PRODUCTS,BIRLACORPN,81.83,712.455,65.929,13.668,0.3762901580171836,1228.5,-0.0013776015808598747,40615531.86136331
75,Birlasoft Ltd.,IT,BSOFT,11.539,78.409,53.691,27.105,0.4900096010199586,308.6499938964844,-0.0022013844314766385,108628305.24220847
76,Bliss GVS Pharma Ltd.,PHARMA,BLISSGVS,6.49,78.985,67.01599999999999,10.395,0.3534906005398763,109.0,-0.0025161676702231467,46521428.24886421
77,Blue Dart Express Ltd.,SERVICES,BLUEDART,42.91,249.478,78.224,11.083999,0.2232301636470147,6068.5,-0.0010523014256354165,25677137.048260078
78,Blue Star Ltd.,CONSUMER GOODS,BLUESTARCO,10.42,91.943,45.141,30.457002,0.4014269009384149,811.7000122070312,-0.0007063061035378829,23255103.819223106
79,Bombay Burmah Trading Corporation Ltd.,CONSUMER GOODS,BBTC,52.96,784.837,75.176,6.1490003,0.2221269036889118,1223.75,-0.001039122675221504,65379131.89127529
80,Bosch Ltd.,AUTOMOBILE,BOSCHLTD,163.4,3326.83,70.666003,16.792,0.2934572246182222,15030.2998046875,-0.0011169691421653387,198048474.6473192
81,Brigade Enterprises Ltd.,CONSTRUCTION,BRIGADE,-2.24,111.539,55.838,34.335,0.3732664960182025,269.1499938964844,-0.0020084062452423333,23412026.862238307
82,Britannia Industries Ltd.,CONSUMER GOODS,BRITANNIA,77.4,147.332,50.547004,21.570998,0.4922069515253168,3439.5,6.940047370747535e-05,298971274.26045334
83,Burger King India Ltd.,CONSUMER SERVICES,BURGERKING,-5.47,17.655,64.61099999999999,19.457,0.3494572338228545,152.89999389648438,-0.0006798985228445651,1079736532.9813502
84,CCL Products (I) Ltd.,CONSUMER GOODS,CCL,13.7,81.763,50.74999999999999,19.440001,0.5070621222599754,336.8500061035156,-0.0023988240577174635,22625646.86573903
85,CESC Ltd.,POWER,CESC,100.382,759.454,6.0229998,79.61,0.4997718113717118,682.1500244140625,-0.001817451886717643,180068453.45577624
86,CRISIL Ltd.,FINANCIAL SERVICES,CRISIL,48.229,180.707,73.599,15.321000000000002,0.2644259293371127,1910.25,-0.0010912316291248026,25631980.708618905
87,CSB Bank Ltd.,FINANCIAL SERVICES,CSBBANK,12.59,125.558,59.940000000000005,9.792,0.8359793355083407,314.79998779296875,-0.0019964995286623427,143571676.57042053
88,Cadila Healthcare Ltd.,PHARMA,CADILAHC,20.84,126.861,75.0,13.941,0.2474348770997362,622.5499877929688,-0.0010674668593917593,312514405.2219516
89,Can Fin Homes Ltd.,FINANCIAL SERVICES,CANFINHOME,34.25,195.919,42.921,22.609,0.5791961488201631,525.75,-0.0007775048309634425,85687260.87244925
90,Canara Bank,FINANCIAL SERVICES,CANBK,19.11,378.911,69.332004,15.365,0.3067433048421644,150.4499969482422,-0.0013686933189134018,758698995.9750383
91,Caplin Point Laboratories Ltd.,PHARMA,CAPLIPOINT,31.71,156.872,76.157,1.701,0.2236904239398859,605.0499877929688,-0.00262194892216767,55146006.45628423
92,Capri Global Capital Ltd.,FINANCIAL SERVICES,CGCL,,,,,,460.4500122070313,-0.000778121159045609,18819411.72212804
93,Carborundum Universal Ltd.,INDUSTRIAL MANUFACTURING,CARBORUNIV,14.99,112.542,46.448,32.978,0.5710505980634137,604.7000122070312,0.005638050147124456,18969538.277047522
94,Castrol India Ltd.,OIL & GAS,CASTROLIND,7.083,14.298,51.147,21.082,0.4883301977039062,134.0,-0.0010194029080715387,104844173.6038065
95,Ceat Ltd.,AUTOMOBILE,CEATLTD,106.81,819.74,2.8859999000000003,80.973,0.4113637543541301,1337.1500244140625,0.0010767014390299487,357715111.0355038
96,Central Bank of India,FINANCIAL SERVICES,CENTRALBK,-1.738,37.502,60.765,2.8970001,0.2485209968379091,19.25,-0.002651815520664191,83534612.21196651
97,Central Depository Services (India) Ltd.,FINANCIAL SERVICES,CDSL,19.17,83.924,0.0,10.9560005,0.7451285741626794,889.0999755859375,-0.0003249382367897709,391072613.8455977
98,Century Plyboards (India) Ltd.,CONSUMER GOODS,CENTURYPLY,6.388,50.207,74.18900000000001,15.927,0.2779069473934977,418.0,-0.001339562851215746,35633642.52154405
99,Century Textile & Industries Ltd.,PAPER AND JUTE,CENTURYTEX,-2.73,312.517,56.734,18.586999,0.4376368356968915,514.4500122070312,-0.0017936941216101661,327778839.30702937
100,Cera Sanitaryware Ltd,CONSUMER GOODS,CERA,70.919,611.386,60.401,24.587,0.3187328058804081,4115.35009765625,-0.0008298875735639652,15723338.733868672
101,Chalet Hotels Ltd.,CONSUMER SERVICES,CHALET,-6.78,69.273,75.553,21.666001,0.2826311943967535,171.5,-0.0035918993498048244,41420944.9795984
102,Chambal Fertilizers & Chemicals Ltd.,FERTILISERS & PESTICIDES,CHAMBLFERT,39.76,126.109,65.45400000000001,19.633,0.3526316937685003,299.20001220703125,-0.0016273711539535256,150701597.0599094
103,Cholamandalam Financial Holdings Ltd.,FINANCIAL SERVICES,CHOLAHLDNG,43.93,286.814,50.86000000000001,33.43,0.4911096799624989,641.0,-0.0017215547297410967,24391459.54369689
104,Cholamandalam Investment and Finance Company Ltd.,FINANCIAL SERVICES,CHOLAFIN,18.52,117.095,51.803,38.479,0.4820158224274721,545.9000244140625,0.0005083772822178419,231207597.87371212
105,Cipla Ltd.,PHARMA,CIPLA,29.79,227.246,38.621,29.876,0.6270568969804514,944.6500244140624,-0.0012490631784242618,673090856.8379968
106,City Union Bank Ltd.,FINANCIAL SERVICES,CUB,7.97,79.345,8.36,49.543,0.9349032771649296,174.14999389648438,-0.0027911107338327574,64517411.13883653
107,Coal India Ltd.,METALS,COALINDIA,20.68,60.126,66.135,24.254999,0.3272732476088311,145.85000610351562,-0.0009111460883551278,1418203034.2085614
108,Cochin Shipyard Ltd.,INDUSTRIAL MANUFACTURING,COCHINSHIP,38.698,281.742,72.86200000000001,7.095999999999999,0.2713504257260149,384.0499877929688,-0.002976726384847875,138782928.77905378
109,Coforge Ltd.,IT,COFORGE,73.29,406.999,3.74,82.45599999999999,0.4156896833426029,3445.85009765625,-0.0011182754982215443,310639420.2250819
110,Colgate Palmolive (India) Ltd.,CONSUMER GOODS,COLPAL,38.07,42.869,51.120996,19.539,0.4859226238657945,1683.800048828125,-0.000696894620632536,248960854.81342566
111,Computer Age Management Services Ltd.,FINANCIAL SERVICES,CAMS,41.93,105.702,45.398998,39.360002,0.5791374793908921,2418.39990234375,0.00028462222128011717,341424085.93877554
112,Container Corporation of India Ltd.,SERVICES,CONCOR,8.22,167.195,55.63399999999999,31.149,0.4384702393006925,673.3499755859375,-0.0007128375872540371,235258222.21827683
113,Coromandel International Ltd.,FERTILISERS & PESTICIDES,COROMANDEL,45.22,175.487,60.499,24.577999,0.3965672929127908,836.7999877929688,0.000557840998498082,58832668.73225571
114,CreditAccess Grameen Ltd.,FINANCIAL SERVICES,CREDITACC,8.9,173.844,75.801,13.982001,0.3489903320777033,633.9000244140625,-6.199677385931824e-05,85482917.68173192
115,Crompton Greaves Consumer Electricals Ltd.,CONSUMER GOODS,CROMPTON,9.75,30.784,16.747,64.375997,0.8856323912748485,393.7000122070313,-0.0007333492135532812,260996016.43405706
116,Cummins India Ltd.,INDUSTRIAL MANUFACTURING,CUMMINSIND,22.91,167.776,51.041,31.435,0.4769833874458874,824.5999755859375,-0.0018891320607734429,188848345.93204722
117,Cyient Ltd.,IT,CYIENT,33.06,268.773,32.727000000000004,56.486,0.6498921058131821,816.3499755859375,-0.0013965606701181095,75637526.71559262
118,DCB Bank Ltd.,FINANCIAL SERVICES,DCBBANK,10.7,121.089,17.206,53.965,0.8398148704107944,105.1999969482422,-0.002163779655660481,182224661.45966363
119,DCM Shriram Ltd.,CONSUMER GOODS,DCMSHRIRAM,43.17,298.081,78.251,11.09,0.2148209013607623,667.5,-0.0011515232414717072,26967065.657582097
120,DLF Ltd.,CONSTRUCTION,DLF,-5.038,139.161,74.953,13.618,0.2441645125123071,286.70001220703125,-0.0006707202023928806,2019717525.0221379
121,Dabur India Ltd.,CONSUMER GOODS,DABUR,9.55,43.407,67.999,16.242,0.3797578732531834,530.4500122070312,-0.00127221874377875,356881893.7722178
122,Dalmia Bharat Ltd.,CEMENT & CEMENT PRODUCTS,DALBHARAT,65.55,673.387,52.966,8.963000000000001,0.3735971569046601,1826.0,-0.0011149476398835266,165738144.11096218
123,Deepak Nitrite Ltd.,CHEMICALS,DEEPAKNTR,56.88,172.049,49.469003,20.879,0.4969736055060659,1796.8499755859375,-2.533618538965643e-05,158348636.2563857
124,Delta Corp Ltd.,CONSUMER SERVICES,DELTACORP,-0.9,72.605,42.488,11.057,0.5433153138115909,177.85000610351562,-0.001452840092780393,297344753.90855956
125,Dhani Services Ltd.,FINANCIAL SERVICES,DHANI,-7.3,96.841,67.676,11.882,0.2757288467338989,176.4499969482422,-0.0016693978556886761,314814993.7436252
126,Dhanuka Agritech Ltd.,FERTILISERS & PESTICIDES,DHANUKA,44.61,171.045,75.0,13.194,0.2445787260158517,858.0499877929688,-0.0014166533744237192,20816512.811139148
127,Dilip Buildcon Ltd.,CONSTRUCTION,DBL,31.92,374.126,70.151,19.597,0.1774705507658967,556.0,-0.0019212823720031623,205156135.79915592
128,Dish TV India Ltd.,MEDIA ENTERTAINMENT & PUBLICATION,DISHTV,-6.321,20.46,47.421002,14.751,0.8621565450279449,16.950000762939453,-0.002831055457877728,324382447.8807837
129,Dishman Carbogen Amcis Ltd.,PHARMA,DCAL,-10.53,363.404,65.792,13.088,0.3572889352907427,214.0,-0.003030215156075015,86506210.14038546
130,Divi's Laboratories Ltd.,PHARMA,DIVISLAB,74.75,350.108,52.368,25.661,0.4706970032869225,4095.85009765625,-0.0005780213082828924,600672160.5237701
131,Dixon Technologies (India) Ltd.,CONSUMER GOODS,DIXON,26.87,126.77,51.70600400000001,24.408,0.420551943506336,3912.25,-0.0005391462572281422,360797171.8917423
132,Dr. Lal Path Labs Ltd.,HEALTHCARE SERVICES,LALPATHLAB,35.25,150.773,58.592,38.034,0.3377974459287824,2790.10009765625,-0.0007817976966946044,231896685.15918767
133,Dr. Reddy's Laboratories Ltd.,PHARMA,DRREDDY,115.14,1055.26,33.036998000000004,34.230998,0.704646897115322,5283.0,-0.0004011785750232731,889693276.7697603
134,E.I.D. Parry (India) Ltd.,CONSUMER GOODS,EIDPARRY,34.385,234.25,58.695,5.6539997,0.398117751352328,419.8500061035156,4.514579522912928e-05,35946129.609690756
135,EIH Ltd.,CONSUMER SERVICES,EIHOTEL,-6.17,49.549,71.172,15.913,0.3132171487692748,108.75,-0.0005454645159461714,18294031.44007852
136,EPL Ltd.,INDUSTRIAL MANUFACTURING,EPL,7.57,53.813,59.875,22.024,0.3933169597070934,234.6000061035156,-0.003405108130851055,16326664.40405048
137,Edelweiss Financial Services Ltd.,FINANCIAL SERVICES,EDELWEISS,-29.301,66.53,44.507000000000005,27.652,0.3357448243204002,68.4000015258789,-0.0019859655388250654,166019152.55333632
138,Eicher Motors Ltd.,AUTOMOBILE,EICHERMOT,49.24,418.488,51.769,29.29,0.4855146824859334,2618.10009765625,-0.0002319828777559696,549101916.219174
139,Elgi Equipments Ltd.,INDUSTRIAL MANUFACTURING,ELGIEQUIP,3.238,27.501,53.279996,22.486,0.5312140464603794,215.6499938964844,-0.0028892596751378193,8383154.895808804
140,Emami Ltd.,CONSUMER GOODS,EMAMILTD,10.23,39.581,66.778,33.641,0.4479307292163839,501.9500122070313,-0.0009101807410572049,112408492.13482818
141,Endurance Technologies Ltd.,AUTOMOBILE,ENDURANCE,36.95,253.192,75.0,21.294,0.250045200227767,1473.050048828125,-0.00023435713895528923,124952631.89060396
142,Engineers India Ltd.,CONSTRUCTION,ENGINERSIN,5.436,38.609,51.333,20.120001,0.5487375726009821,85.55000305175781,-0.002555156269100935,99143708.0192455
143,Equitas Holdings Ltd.,FINANCIAL SERVICES,EQUITAS,12.32,89.05,21.117,47.807997,0.7599626198560464,93.9000015258789,-0.0019224298763039823,368302545.8635474
144,Eris Lifesciences Ltd.,PHARMA,ERIS,26.14,116.187,79.661006,14.762999,0.2558294241951038,705.5499877929688,-0.0008541869692186653,76283322.97027582
145,Escorts Ltd.,AUTOMOBILE,ESCORTS,91.98,511.854,52.085996,19.504999,0.3221956570803926,1139.5,-0.0030058059702638184,338501316.3450872
146,Exide Industries Ltd.,AUTOMOBILE,EXIDEIND,9.53,85.631,50.9,29.535,0.4907530858823529,191.1499938964844,-0.001960537199720148,219798327.14352378
147,FDC Ltd.,PHARMA,FDC,17.72,102.538,79.716,7.312,0.2470341863633671,349.1000061035156,-0.0022184237563183896,21103965.66786617
148,Federal Bank Ltd.,FINANCIAL SERVICES,FEDERALBNK,8.31,82.631,6.637,57.8,0.9339979122288125,87.3499984741211,-0.002134565693057085,328152291.3428463
149,Fine Organic Industries Ltd.,CHEMICALS,FINEORG,39.25,238.571,75.0,17.082000999999998,0.2499754729288975,3295.0,-0.0006459667888657794,77318536.59280562
150,Finolex Cables Ltd.,INDUSTRIAL MANUFACTURING,FINCABLES,23.426,201.082,60.448,23.948999,0.4327859704700059,469.6000061035156,-0.0032826007250965814,24932390.540369347
151,Finolex Industries Ltd.,INDUSTRIAL MANUFACTURING,FINPIPE,8.019,37.771,58.867,14.691,0.3852342844003473,170.9499969482422,-0.000310285663656059,23113485.192588694
152,Firstsource Solutions Ltd.,IT,FSL,5.13,40.214,6.6599995,73.04,0.4183187846184565,139.75,-0.003092692030249683,114122230.91260944
153,Fortis Healthcare Ltd.,HEALTHCARE SERVICES,FORTIS,-1.45,81.061,6.4899996,68.89699999999999,0.6230416367948068,226.6499938964844,-0.0016125741097756082,272135958.2449286
154,Future Consumer Ltd.,CONSUMER SERVICES,FCONSUMER,-2.37,4.409,54.028,9.094,0.5842473639181899,6.949999809265137,-0.0032383350366373,84014056.69072528
155,Future Retail Ltd.,CONSUMER SERVICES,FRETAIL,-46.66,53.335,46.472,11.7460005,0.6916400315471579,46.150001525878906,-0.0019271140946494202,330758659.3288608
156,GAIL (India) Ltd.,OIL & GAS,GAIL,18.567,113.236,58.80800000000001,25.948998,0.3326817838284077,152.8000030517578,-0.0017373516546043328,594065207.6139315
157,GE Power India Ltd.,INDUSTRIAL MANUFACTURING,GEPIL,10.313,137.038,68.821996,14.614000999999998,0.3076958204487258,290.1499938964844,-0.002396647829519881,48757087.30432469
158,GMM Pfaudler Ltd.,INDUSTRIAL MANUFACTURING,GMMPFAUDLR,50.19,278.555,59.559,11.367,0.401134256883872,5185.0,-0.0004050025651777544,131825303.18889411
159,GMR Infrastructure Ltd.,CONSTRUCTION,GMRINFRA,-4.792,-0.02,63.844,17.813000000000002,0.3531533378549349,27.350000381469727,-0.0023096644567469856,582663865.7789758
160,Galaxy Surfactants Ltd.,CHEMICALS,GALAXYSURF,80.748,336.81,72.694,16.822,0.2614597459300292,3069.949951171875,-0.0009181807628798689,61709019.14526405
161,Garden Reach Shipbuilders & Engineers Ltd.,INDUSTRIAL MANUFACTURING,GRSE,13.4,99.197,74.5,15.158,0.241338876667365,185.5500030517578,-0.0008679404331761428,46228831.01399543
162,Garware Technical Fibres Ltd.,TEXTILES,GARFIBRES,74.64,382.242,57.164,6.1739996,0.4530325634633479,2809.800048828125,-0.0026313266983252815,7054658.283746562
163,General Insurance Corporation of India,FINANCIAL SERVICES,GICRE,11.246,283.442,85.78399399999999,9.4289996,0.1421239255585955,193.1999969482422,-0.00213923989216717,116442048.2376386
164,Gillette India Ltd.,CONSUMER GOODS,GILLETTE,100.599,285.018,79.764,11.411,0.1962748732553429,5528.0,-0.0009602943131548239,18071661.004985012
165,Glaxosmithkline Pharmaceuticals Ltd.,PHARMA,GLAXO,21.14,88.92,75.51,11.295,0.2437178081059702,1459.0999755859375,-0.0002303038670057752,51984295.773770414
166,Glenmark Pharmaceuticals Ltd.,PHARMA,GLENMARK,34.38,250.42,52.568000000000005,20.645,0.5064176377193729,614.0,-0.0016046336010425123,420030158.945631
167,Godfrey Phillips India Ltd.,CONSUMER GOODS,GODFRYPHLP,61.533,450.223,73.265,10.787,0.2868322437824437,908.0,-0.00030800739980586014,44339931.889444485
168,Godrej Agrovet Ltd.,CONSUMER GOODS,GODREJAGRO,16.33,106.923,73.454005,16.440001000000002,0.1466946211592724,551.2000122070312,-0.002378870656357118,105449346.55124983
169,Godrej Consumer Products Ltd.,CONSUMER GOODS,GODREJCP,16.83,92.366,63.233,20.681,0.3553046735761472,816.0,-0.0006754665561703053,256329924.1733091
170,Godrej Industries Ltd.,CONSUMER GOODS,GODREJIND,9.94,224.543,80.574995,11.9169995,0.3276216852268731,553.8499755859375,-0.0015634855415863718,101901331.86570878
171,Godrej Properties Ltd.,CONSTRUCTION,GODREJPROP,-7.48,324.322,63.07899999999999,21.967,0.3005802599909194,1337.699951171875,-0.0009723589075551991,199617316.54638934
172,Granules India Ltd.,PHARMA,GRANULES,21.95,87.736,45.555001,19.19,0.5521591262046108,319.70001220703125,-0.0023944089636251348,152617723.81329444
173,Graphite India Ltd.,INDUSTRIAL MANUFACTURING,GRAPHITE,-5.275,227.096,65.886,14.265001,0.3330238821554336,765.5499877929688,-0.0022411000799421443,184820092.0325333
174,Grasim Industries Ltd.,CEMENT & CEMENT PRODUCTS,GRASIM,65.49,997.592,40.849,25.174000000000003,0.5549819152791303,1404.0,0.00019352224661910907,566984316.022223
175,Great Eastern Shipping Co. Ltd.,SERVICES,GESHIP,62.38,523.469,29.215000000000003,41.262,0.6324274389994965,409.1000061035156,-0.0015456956116230997,90725977.46592404
176,Greaves Cotton Ltd.,INDUSTRIAL MANUFACTURING,GREAVESCOT,-0.81,33.846,103.659,13.843,0.4128774850976835,131.3000030517578,-0.0023564446537279616,30633939.116277814
177,Grindwell Norton Ltd.,INDUSTRIAL MANUFACTURING,GRINDWELL,21.6,123.197,59.900004,19.159001,0.3875640534682081,1208.550048828125,-0.0008475809890313864,9586618.101930069
178,Gujarat Alkalies & Chemicals Ltd.,CHEMICALS,GUJALKALI,22.57,731.92,76.053,3.159,0.2531638183618218,413.75,-0.0028503158410714906,37030341.33124672
179,Gujarat Ambuja Exports Ltd.,CONSUMER GOODS,GAEL,14.74,72.186,71.809,0.736,0.2731017281059855,175.8000030517578,-0.0025871837651796556,8415760.766752275
180,Gujarat Fluorochemicals Ltd.,CHEMICALS,FLUOROCHEM,-28.13,352.181,76.462996,6.232999599999999,0.2295692944924897,862.0,-0.005020568176302323,45950194.24843352
181,Gujarat Gas Ltd.,OIL & GAS,GUJGASLTD,17.09,54.709,74.953,15.463,0.2504174595698959,518.0,-0.0012481695772035791,139122642.39850095
182,Gujarat Narmada Valley Fertilizers and Chemicals Ltd.,CHEMICALS,GNFC,44.84,390.438,42.629,19.368,0.5673851553601474,369.5499877929688,-0.002104242483605068,96061538.072911
183,Gujarat Pipavav Port Ltd.,SERVICES,GPPL,4.59,46.229,44.005,42.305002,0.549164827072646,103.6500015258789,-0.0021470498640823485,70925592.42156549
184,Gujarat State Fertilizers & Chemicals Ltd.,FERTILISERS & PESTICIDES,GSFC,11.3,231.868,46.076,20.502001,0.5558855046096194,120.9499969482422,-0.002025832598855663,50128142.98490981
185,Gujarat State Petronet Ltd.,OIL & GAS,GSPL,27.874,97.348,50.259,34.342,0.3992158373485687,274.20001220703125,-0.001129391439297019,113908200.24154687
186,Gulf Oil Lubricants India Ltd.,OIL & GAS,GULFOILLUB,39.7,172.901,72.495,16.988,0.2596180899130911,714.0499877929688,-0.0006084688541195045,19239719.89887988
187,H.E.G. Ltd.,INDUSTRIAL MANUFACTURING,HEG,-4.65,906.373,60.192,13.722,0.0273464800844993,2359.199951171875,-0.0017834969979520598,182223761.2422703
188,HCL Technologies Ltd.,IT,HCLTECH,45.191,3.096,60.464,22.851999,0.3957893009571546,938.4000244140624,-0.0003995877920954342,1174136802.3899128
189,HDFC Asset Management Company Ltd.,FINANCIAL SERVICES,HDFCAMC,62.16,224.242,54.529,31.764,0.4456873022821824,2823.699951171875,-0.00021996122754807613,1070638824.088422
190,HDFC Bank Ltd.,FINANCIAL SERVICES,HDFCBANK,57.6,380.624,21.641001000000003,38.234,0.8352563648584629,1481.949951171875,-0.0002619284410918248,2060406821.7192369
191,HDFC Life Insurance Company Ltd.,FINANCIAL SERVICES,HDFCLIFE,6.69,42.514,50.176,40.514,0.4097188628433414,661.5,-0.00046486192387245495,1740339823.0973768
192,HFCL Ltd.,TELECOM,HFCL,1.86,14.937,48.503,1.195,0.656911272348401,47.79999923706055,-0.005381454597524255,109190982.5915557
193,Happiest Minds Technologies Ltd.,IT,HAPPSTMNDS,11.45,38.621,60.76200000000001,13.056,0.3357867550931474,792.0499877929688,0.0009379163015802081,1570650339.4974399
194,Hatsun Agro Product Ltd.,CONSUMER GOODS,HATSUN,11.428,47.388,75.917,8.366,0.2071503010386643,866.0499877929688,-0.002692447043662919,18454441.520196043
195,Havells India Ltd.,CONSUMER GOODS,HAVELLS,16.68,82.629,64.9,19.284001,0.3413300741847862,1000.2999877929688,-0.0024185486295462133,555409794.059932
196,HeidelbergCement India Ltd.,CEMENT & CEMENT PRODUCTS,HEIDELBERG,13.9,65.949,73.143,14.32,0.304536374507601,250.5,-0.003091315808478902,19616420.738015547
197,Hemisphere Properties India Ltd.,CONSTRUCTION,HEMIPROP,-0.044,9.968,66.511,15.297,0.2530162561403509,142.14999389648438,-0.0019427131931285765,236170797.00245523
198,Hero MotoCorp Ltd.,AUTOMOBILE,HEROMOTOCO,146.04,771.748,36.566,36.213002,0.6515109715200961,2935.300048828125,-0.0002855813805084372,1031948712.747099
199,Himadri Speciality Chemical Ltd.,CHEMICALS,HSCL,2.253,41.91,46.206,13.241,0.4021653675541464,53.84999847412109,-0.0024284714660180776,50701522.21032203
200,Hindalco Industries Ltd.,METALS,HINDALCO,15.65,299.191,35.522,39.457,0.6130577328305298,381.6499938964844,-0.0008548163584345877,904903274.0044943
201,Hindustan Aeronautics Ltd.,INDUSTRIAL MANUFACTURING,HAL,85.043,418.311,75.14999999999999,19.336,0.2485333012698866,1040.0,-0.0020697077774925066,228479754.08045694
202,Hindustan Copper Ltd.,METALS,HINDCOPPER,-3.971,10.85,72.765,12.443,0.2607199986763513,169.64999389648438,-0.0022076041959522607,130221360.0769878
203,Hindustan Petroleum Corporation Ltd.,OIL & GAS,HINDPETRO,70.57,257.671,54.92,26.722,0.4600920669969525,287.1499938964844,-0.0013655311198797516,617621773.6750644
204,Hindustan Unilever Ltd.,CONSUMER GOODS,HINDUNILVR,34.026,202.905,62.147,16.282,0.365266549123777,2363.89990234375,-0.0004653714862035703,1104588183.7393312
205,Hindustan Zinc Ltd.,METALS,HINDZINC,18.89,76.452,94.457,3.034,0.0527756816945565,330.0,-0.001555005821004112,184643654.5498778
206,Honeywell Automation India Ltd.,INDUSTRIAL MANUFACTURING,HONAUT,520.32,2916.786,75.158,12.186,0.2443188501524624,43725.1015625,-0.0015438281152641963,24196097.02722265
207,Housing & Urban Development Corporation Ltd.,FINANCIAL SERVICES,HUDCO,7.46,62.395,89.807,2.191,0.1017267474622828,49.20000076293945,-0.0027406864169361718,181466477.89052063
208,Housing Development Finance Corporation Ltd.,FINANCIAL SERVICES,HDFC,104.7,869.679,1.0299999,60.61,0.9759428544834275,2552.0,6.424231772676842e-05,2650210806.6845045
209,Huhtamaki India Ltd.,INDUSTRIAL MANUFACTURING,HUHTAMAKI,11.231,100.884,73.347,1.928,0.2732304524525759,283.20001220703125,-0.0029024143239510794,6904439.653718414
210,ICICI Bank Ltd.,FINANCIAL SERVICES,ICICIBANK,26.83,227.825,2.003,49.956,0.9927443680183669,651.4500122070312,-0.0005576541616291687,4272718871.024933
211,ICICI Lombard General Insurance Company Ltd.,FINANCIAL SERVICES,ICICIGI,32.27,178.67,52.20399999999999,28.989,0.4686604156891513,1479.9000244140625,0.0017378722169683737,725657357.3711874
212,ICICI Prudential Life Insurance Company Ltd.,FINANCIAL SERVICES,ICICIPRULI,6.65,64.119,73.504996,14.693,0.2571000684619531,541.2999877929688,-0.00033922233748632293,856325227.6305692
213,ICICI Securities Ltd.,FINANCIAL SERVICES,ISEC,33.08,56.521,74.968004,10.0839995,0.2498138187027871,573.5,0.0001717651092862574,185123032.40261865
214,IDBI Bank Ltd.,FINANCIAL SERVICES,IDBI,1.44,35.292,45.532,49.275002,0.0518794618948594,38.54999923706055,-0.0034123509483796927,280679937.2598682
215,IDFC First Bank Ltd.,FINANCIAL SERVICES,IDFCFIRSTB,0.87,31.374,44.335,30.599,0.3849375710469604,58.29999923706055,-0.002438256275842372,808038067.6328245
216,IDFC Ltd.,FINANCIAL SERVICES,IDFC,-3.869,52.571,24.373,17.259,0.7503321920048891,59.29999923706055,-0.0019163800007162887,679431085.2837968
217,IFB Industries Ltd.,CONSUMER GOODS,IFBIND,8.89,155.721,85.663,2.232,0.1339012507774169,1119.5,-0.0033916521585737806,13478960.213995213
218,IIFL Finance Ltd.,FINANCIAL SERVICES,IIFL,20.04,142.287,54.87499999999999,34.597,0.2959549670357154,260.0,-0.0014227410266700515,131218994.0030398
219,IIFL Wealth Management Ltd.,FINANCIAL SERVICES,IIFLWAM,41.76,322.184,48.379,44.012,0.3320211452121344,1160.449951171875,-0.002201956657027621,51791785.95396655
220,IOL Chem and Pharma Ltd.,PHARMA,IOLCP,79.25,186.488,63.54,2.819,0.3310000085170895,637.3499755859375,-0.0036992013776181005,93196733.0177882
221,IRB Infrastructure Developers Ltd.,CONSTRUCTION,IRB,3.33,196.125,58.634996,21.556999,0.3550192592980741,109.0999984741211,-0.0019129603452532702,350097506.2224355
222,IRCON International Ltd.,CONSTRUCTION,IRCON,3.571,44.628,149.131,0.6689999999999999,0.2657005723479646,49.25,-0.002301099428706709,131650272.01039033
223,ITC Ltd.,CONSUMER GOODS,ITC,10.784,48.064,29.78,44.451,0.6887634154139208,211.8500061035156,-0.0006442845668626589,1895143752.660239
224,ITI Ltd.,TELECOM,ITI,-1.779,23.92,97.833997,0.017999999,0.0214650188889613,121.9499969482422,-0.005438655524516813,53855638.173611745
225,India Cements Ltd.,CEMENT & CEMENT PRODUCTS,INDIACEM,7.01,213.759,56.35,19.414,0.3652992766060794,189.1999969482422,-0.0024192995439164433,236589133.6247386
226,Indiabulls Housing Finance Ltd.,FINANCIAL SERVICES,IBULHSGFIN,27.72,362.126,22.886999,35.127,0.8076355793158083,224.8000030517578,-0.0012526703187322693,3198034449.5866413
227,Indiabulls Real Estate Ltd.,CONSTRUCTION,IBREALEST,0.1,67.675,43.423,16.658,0.5912191948339873,98.8000030517578,-0.0015263117858066804,855853225.4130325
228,Indiamart Intermesh Ltd.,CONSUMER SERVICES,INDIAMART,94.58,543.715,55.448,24.545999,0.4272298070674851,7626.0,0.0004134705000637965,591586747.2783864
229,Indian Bank,FINANCIAL SERVICES,INDIANB,27.88,349.444,88.063,5.049,0.1193383894644042,142.75,-0.001806462331386348,183149195.48084074
230,Indian Energy Exchange Ltd.,FINANCIAL SERVICES,IEX,6.9,17.617,26.548,45.628,0.6207366209632657,358.25,-0.0006087561992015311,183740441.0420576
231,Indian Hotels Co. Ltd.,CONSUMER SERVICES,INDHOTEL,-6.055,30.678,45.633,34.384,0.5734392350284584,135.5500030517578,-0.000968374370963746,117590361.59534578
232,Indian Oil Corporation Ltd.,OIL & GAS,IOC,23.57,121.794,73.337,15.456,0.2392564408428927,112.4499969482422,-0.0014575802173070157,508011494.5193206
233,Indian Overseas Bank,FINANCIAL SERVICES,IOB,0.2,10.174,95.838,1.4730001,0.0360542288323424,16.850000381469727,-0.0028885638707882985,72894215.36760388
234,Indian Railway Catering And Tourism Corporation Ltd.,SERVICES,IRCTC,14.792,83.545,67.39700400000001,14.559,0.3085,1907.550048828125,0.0009111955446742818,2677372616.051084
235,Indo Count Industries Ltd.,TEXTILES,ICIL,12.7,65.027,62.671,8.154,0.3450091590678825,151.64999389648438,0.003112820446383172,30547375.57915175
236,Indoco Remedies Ltd.,PHARMA,INDOCO,10.1,83.359,60.01499999999999,19.805999,0.3625050026912526,398.9500122070313,-0.001355216618082473,16187513.554639237
237,Indraprastha Gas Ltd.,OIL & GAS,IGL,15.543,79.741,50.023997,30.571,0.5004317707969524,508.25,-0.0012719498312380945,343118765.5497174
238,Indus Towers Ltd.,TELECOM,INDUSTOWER,15.728,74.352,85.066,20.684,0.2525281043358287,241.9499969482422,-0.00014344401185430186,1022584077.5766152
239,IndusInd Bank Ltd.,FINANCIAL SERVICES,INDUSINDBK,39.96,568.756,18.204,33.882,0.6754869722862774,1003.8499755859376,-0.0016962713667455483,1649358137.4616296
240,Infibeam Avenues Ltd.,IT,INFIBEAM,0.52,20.538,74.71800400000001,4.2930003,0.2892793784068743,40.04999923706055,-0.0015050040687440188,560420245.7446618
241,Info Edge (India) Ltd.,CONSUMER SERVICES,NAUKRI,97.173,354.479,47.787,33.96,0.533187228227109,4506.75,-0.00046597650968480483,304027437.93209857
242,Infosys Ltd.,IT,INFY,44.509,2.46,14.791000000000002,58.472,0.8642235331129854,1388.199951171875,0.00024217909119346936,3240845047.2931347
243,Ingersoll Rand (India) Ltd.,INDUSTRIAL MANUFACTURING,INGERRAND,22.92,142.683,76.71600600000001,4.848,0.2488173150025342,986.0,-0.0024151357001450592,12221020.54546883
244,Inox Leisure Ltd.,MEDIA ENTERTAINMENT & PUBLICATION,INOXLEISUR,-32.22,56.545,47.456002000000005,37.612998,0.4900122701085752,308.3999938964844,-0.0016222999612310576,54647891.730434045
245,Intellect Design Arena Ltd.,IT,INTELLECT,19.55,104.882,48.167,12.864,0.7766064419779214,762.2000122070312,-0.0005955635472142121,136646878.82376194
246,InterGlobe Aviation Ltd.,SERVICES,INDIGO,-143.681,47.983,77.365994,10.317001,0.2483269371526608,1724.699951171875,0.0009979895539376396,1689960200.1400254
247,Ipca Laboratories Ltd.,PHARMA,IPCALAB,90.11,370.385,46.679002,32.674,0.530555363730962,2223.199951171875,-0.0012398726109291768,87927944.03117135
248,J.B. Chemicals & Pharmaceuticals Ltd.,PHARMA,JBCHEPHARM,51.393,210.343,56.521,16.245002,0.4067061017599729,1453.0,0.0005329567927651746,35388872.85335573
249,J.K. Cement Ltd.,CEMENT & CEMENT PRODUCTS,JKCEMENT,86.252,427.908,57.913,30.692000000000004,0.4249408553583492,2862.0,0.00026840936404989353,36489829.63287364
250,JK Lakshmi Cement Ltd.,CEMENT & CEMENT PRODUCTS,JKLAKSHMI,34.45,177.936,52.830005,30.565,0.472485102405031,551.5499877929688,-0.0015442440850463783,40268082.09479293
251,JK Paper Ltd.,PAPER AND JUTE,JKPAPER,13.73,146.195,56.679,2.118,0.3686577077012077,152.8000030517578,-0.0029465533960876485,44815495.60801965
252,JK Tyre & Industries Ltd.,AUTOMOBILE,JKTYRE,12.97,108.538,63.212,2.6870001,0.3236349582746296,127.3499984741211,0.0006813410574462131,96572295.99037573
253,JM Financial Ltd.,FINANCIAL SERVICES,JMFINANCIL,6.32,75.263,30.256,57.907003,0.3661938885389026,85.75,-0.003421763083417502,59742111.48047405
254,JSW Energy Ltd.,POWER,JSWENERGY,4.851,79.234,69.128,12.46,0.2483040801622483,115.0999984741211,-0.001550943388507967,217490485.7656358
255,JSW Steel Ltd.,METALS,JSWSTEEL,32.71,194.386,55.477,13.561,0.3499344734432234,680.9500122070312,-0.0012476819558055597,1100121897.4601328
256,JTEKT India Ltd.,AUTOMOBILE,JTEKTINDIA,0.48,24.593,78.129,4.5819998,0.209003546302356,112.8000030517578,-0.0037881021958929063,11796412.94843079
257,Jamna Auto Industries Ltd.,AUTOMOBILE,JAMNAAUTO,1.83,14.531,60.874003,15.371001,0.4254550674590427,84.44999694824219,-0.003052744748990265,42269662.98939499
258,Jindal Saw Ltd.,METALS,JINDALSAW,10.02,219.239,63.486,7.063999999999999,0.355693156899024,96.25,-0.002008184953163303,95445081.90020506
259,Jindal Stainless (Hisar) Ltd.,METALS,JSLHISAR,29.4,125.913,51.633,23.992,0.354159086895659,176.3000030517578,-0.0003889296313148184,54364769.8549196
260,Jindal Stainless Ltd.,METALS,JSL,8.48,65.723,64.68599400000001,19.075,0.3068755190924212,91.9000015258789,-0.0031541010407430355,39521037.81347755
261,Jindal Steel & Power Ltd.,METALS,JINDALSTEL,35.63,311.966,26.400998,22.691,0.3862117981596219,388.7999877929688,-0.0007885128026319447,955998518.1701101
262,Johnson Controls - Hitachi Air Conditioning India Ltd.,CONSUMER GOODS,JCHAC,12.2,264.825,74.778,13.99,0.2461529408736011,2299.5,-0.001836627094295553,21064544.48345843
263,Jubilant Foodworks Ltd.,CONSUMER SERVICES,JUBLFOOD,12.078,85.167,43.344003,34.374002,0.5630625980343869,3102.14990234375,0.0009493500780532602,1094504286.7353868
264,Justdial Ltd.,CONSUMER SERVICES,JUSTDIAL,33.0,204.338,47.868,31.154,0.4668352314333063,831.5,-0.0008966138903099257,1208302055.826975
265,Jyothy Labs Ltd.,CONSUMER GOODS,JYOTHYLAB,5.43,38.991,64.66,23.773001,0.3702671474885887,156.1999969482422,-0.0011995774325969568,40648393.73381204
266,K.P.R. Mill Ltd.,TEXTILES,KPRMILL,74.88,341.492,74.732,18.731001,0.2527192995204185,1541.9000244140625,-0.00037941076653146797,16550888.596690528
267,KEI Industries Ltd.,INDUSTRIAL MANUFACTURING,KEI,30.18,198.022,44.72,35.287,0.5642949895053608,605.0,-0.004324813627767973,47301736.77677521
268,KNR Constructions Ltd.,CONSTRUCTION,KNRCON,14.49,69.886,55.035,33.236998,0.4420333189813979,231.75,-0.0017007262578864076,23045550.66503161
269,KPIT Technologies Ltd.,IT,KPITTECH,5.19,44.622,50.785,29.137,0.5046075821466091,227.0,-0.0021216471761742084,91790992.58333597
270,KRBL Ltd.,CONSUMER GOODS,KRBL,24.24,144.858,74.767,3.393,0.2554198818981265,237.8000030517578,-0.0019240540062261861,34947056.82307615
271,KSB Ltd.,INDUSTRIAL MANUFACTURING,KSB,36.456,255.867,69.864,13.670999,0.2943903665270428,1022.4500122070312,-0.0013634057506892753,5918892.635807885
272,Kajaria Ceramics Ltd.,CONSUMER GOODS,KAJARIACER,14.5,111.827,47.902,32.683,0.4350004023133015,960.0,0.0016431902290352822,71739498.21668932
273,Kalpataru Power Transmission Ltd.,POWER,KALPATPOWR,44.25,251.09,55.375,28.955,0.5935977929391933,426.2999877929688,-0.001584365781381663,31139571.749935
274,Kansai Nerolac Paints Ltd.,CONSUMER GOODS,KANSAINER,9.83,75.332,75.067,11.4580005,0.2496471183106954,581.0,0.00012086197447490251,36637311.61849856
275,Karur Vysya Bank Ltd.,FINANCIAL SERVICES,KARURVYSYA,4.5,87.355,18.017,27.624,0.8306945039559928,58.59999847412109,-0.002448638507253249,41581651.431114614
276,Kaveri Seed Company Ltd.,CONSUMER GOODS,KSCL,52.23,209.219,60.683,19.0,0.4239243582284502,762.0,-0.002677455912308501,141535926.3289717
277,Kec International Ltd.,POWER,KEC,21.5,130.722,4.579,80.82000000000001,0.5834042623537465,429.8500061035156,0.0015357517696077399,68724627.18823712
278,Kotak Mahindra Bank Ltd.,FINANCIAL SERVICES,KOTAKBANK,50.49,421.683,29.516,59.205,0.7395386675514815,1754.0999755859375,-0.0006172601224821306,1382090637.0043855
279,L&T Finance Holdings Ltd.,FINANCIAL SERVICES,L&TFH,,,,,,89.3499984741211,-0.0017452271303728406,613824991.7729275
280,L&T Technology Services Ltd.,IT,LTTS,,,,,,2688.0,-0.000741331569741905,224353392.38615236
281,LIC Housing Finance Ltd.,FINANCIAL SERVICES,LICHSGFIN,,,,,,450.8500061035156,-0.0018475270412934362,720300089.0620573
282,La Opala RG Ltd.,CONSUMER GOODS,LAOPALA,,,,,,268.5,0.0015687334777026863,15001359.94371514
283,Lakshmi Machine Works Ltd.,INDUSTRIAL MANUFACTURING,LAXMIMACH,,,,,,6595.0,-0.0013498554720982093,20597159.214326624
284,Larsen & Toubro Infotech Ltd.,IT,LTI,,,,,,3756.0,0.00092936510831832,392007441.34386295
285,Larsen & Toubro Ltd.,CONSTRUCTION,LT,,,,,,1467.0,-0.0009626949200145774,2398675011.5467877
286,Laurus Labs Ltd.,PHARMA,LAURUSLABS,,,,,,522.4000244140625,-0.0011287201802579157,432459497.83994013
287,Lemon Tree Hotels Ltd.,CONSUMER SERVICES,LEMONTREE,,,,,,41.900001525878906,-0.004925016892375754,86933222.20086734
288,Linde India Ltd.,CHEMICALS,LINDEINDIA,,,,,,1611.0,-0.001263639247360466,36040295.3694755
289,Lupin Ltd.,PHARMA,LUPIN,,,,,,1200.5,-0.0021167239346239213,847379605.6187276
290,Lux Industries Ltd.,TEXTILES,LUXIND,,,,,,2570.0,-0.0007079149408304302,72301911.40293485
291,MAS Financial Services Ltd.,FINANCIAL SERVICES,MASFIN,,,,,,906.1500244140624,0.00036139900672177417,38894911.74189748
292,MMTC Ltd.,SERVICES,MMTC,,,,,,59.84999847412109,-0.0034617685208315394,85777985.15211539
293,MOIL Ltd.,METALS,MOIL,,,,,,171.5500030517578,-0.001403142928571203,84267447.6321124
294,MRF Ltd.,AUTOMOBILE,MRF,,,,,,82095.0,-0.001813868230925227,316656478.14743155
295,Mahanagar Gas Ltd.,OIL & GAS,MGL,,,,,,1175.75,-0.001248320826526777,538331638.9965721
296,Maharashtra Scooters Ltd.,FINANCIAL SERVICES,MAHSCOOTER,,,,,,3697.75,0.0006439004689227837,7442216.673589358
297,Maharashtra Seamless Ltd.,METALS,MAHSEAMLES,,,,,,295.5,-0.003511494011357912,26115232.612650707
298,Mahindra & Mahindra Financial Services Ltd.,FINANCIAL SERVICES,M&MFIN,,,,,,158.25,-0.0006584006099464774,457527431.1262277
299,Mahindra & Mahindra Ltd.,AUTOMOBILE,M&M,,,,,,817.0499877929688,-0.001178639923911295,908052889.3342938
300,Mahindra CIE Automotive Ltd.,INDUSTRIAL MANUFACTURING,MAHINDCIE,,,,,,188.6499938964844,-0.003412550623949036,32703619.77192328
301,Mahindra Holidays & Resorts India Ltd.,CONSUMER SERVICES,MHRIL,,,,,,265.3999938964844,-0.0022951892276007768,22273462.95088896
302,Mahindra Logistics Ltd.,SERVICES,MAHLOG,,,,,,532.3499755859375,-0.002985867176391144,41809225.95062203
303,Manappuram Finance Ltd.,FINANCIAL SERVICES,MANAPPURAM,,,,,,163.35000610351562,-0.002452008181602536,372513958.8200946
304,Mangalore Refinery & Petrochemicals Ltd.,OIL & GAS,MRPL,,,,,,51.95000076293945,-0.0026033703079717313,76245448.6897723
305,Marico Ltd.,CONSUMER GOODS,MARICO,,,,,,459.3500061035156,-0.001450751053130568,166266111.27810848
306,Maruti Suzuki India Ltd.,AUTOMOBILE,MARUTI,,,,,,7001.0,-0.00027202925480217347,2402377829.5753903
307,Max Financial Services Ltd.,FINANCIAL SERVICES,MFSL,,,,,,933.4000244140624,-0.0009965366111675796,150446249.6236216
308,Max Healthcare Institute Ltd.,HEALTHCARE SERVICES,MAXHEALTH,,,,,,232.1000061035156,0.0003487447996494966,241955439.4856674
309,Mazagoan Dock Shipbuilders Ltd.,INDUSTRIAL MANUFACTURING,MAZDOCK,,,,,,218.3999938964844,-0.0028391091414753525,661911171.7907231
310,Metropolis Healthcare Ltd.,HEALTHCARE SERVICES,METROPOLIS,,,,,,2332.699951171875,-0.0007953921883000001,184063519.20363963
311,MindTree Ltd.,IT,MINDTREE,,,,,,2189.300048828125,-0.0006312486393396654,469257926.2783971
312,Minda Corporation Ltd.,AUTOMOBILE,MINDACORP,,,,,,112.6999969482422,-0.001784431110574943,28139678.6060374
313,Minda Industries Ltd.,AUTOMOBILE,MINDAIND,,,,,,571.0499877929688,-0.002026959578548894,31280110.18145311
314,Mishra Dhatu Nigam Ltd.,METALS,MIDHANI,,,,,,199.5,-0.001547744058638567,136146811.45153072
315,Motherson Sumi Systems Ltd.,AUTOMOBILE,MOTHERSUMI,,,,,,240.0,-0.0003204990755016351,467660811.5237002
316,Motilal Oswal Financial Services Ltd.,FINANCIAL SERVICES,MOTILALOFS,,,,,,814.75,-0.001613029563862599,49114416.21619218
317,MphasiS Ltd.,IT,MPHASIS,,,,,,1916.550048828125,-0.0005035337557110277,184642151.87078628
318,Multi Commodity Exchange of India Ltd.,FINANCIAL SERVICES,MCX,,,,,,1535.1500244140625,-0.0014765416745270734,447713187.8381776
319,Muthoot Finance Ltd.,FINANCIAL SERVICES,MUTHOOTFIN,,,,,,1280.1500244140625,-0.0008195955927777002,543993049.2109814
320,NATCO Pharma Ltd.,PHARMA,NATCOPHARM,,,,,,1076.199951171875,-0.0006080374756408236,72544879.20069595
321,NBCC (India) Ltd.,CONSTRUCTION,NBCC,,,,,,48.900001525878906,-0.001613035220780065,329345701.7590312
322,NCC Ltd.,CONSTRUCTION,NCC,,,,,,87.75,-0.0022135680024577666,285274626.8409664
323,NESCO Ltd.,SERVICES,NESCO,,,,,,547.7000122070312,-0.0004543950432829155,21973822.415276777
324,NHPC Ltd.,POWER,NHPC,,,,,,25.600000381469727,-0.0013818841287070354,168723716.16254592
325,NLC India Ltd.,POWER,NLCINDIA,,,,,,60.84999847412109,-0.0031206772773325615,75720129.56187847
326,NMDC Ltd.,METALS,NMDC,,,,,,177.1999969482422,-0.0024620998117102946,395574345.9538376
327,NOCIL Ltd.,CHEMICALS,NOCIL,,,,,,214.25,-0.003381776369036529,62096885.409288146
328,NTPC Ltd.,POWER,NTPC,,,,,,112.5,-0.001187333569301077,987447479.3868283
329,Narayana Hrudayalaya Ltd.,HEALTHCARE SERVICES,NH,,,,,,431.25,-0.0011220054840406272,65283970.44897973
330,National Aluminium Co. Ltd.,METALS,NATIONALUM,,,,,,71.05000305175781,-0.0020581809078935405,183963292.98020396
331,National Fertilizers Ltd.,FERTILISERS & PESTICIDES,NFL,,,,,,71.19999694824219,-0.0046902340811931864,38042297.56173854
332,Navin Fluorine International Ltd.,CHEMICALS,NAVINFLUOR,,,,,,3225.39990234375,-0.001280694963585171,58216507.225942664
333,Nestle India Ltd.,CONSUMER GOODS,NESTLEIND,,,,,,17494.80078125,-0.0003023886385799643,334159152.462983
334,Network18 Media & Investments Ltd.,MEDIA ENTERTAINMENT & PUBLICATION,NETWORK18,,,,,,40.0,-0.0024517230316631294,28773232.969972786
335,Nilkamal Ltd.,INDUSTRIAL MANUFACTURING,NILKAMAL,,,,,,2201.949951171875,-0.003028305213143648,32453536.67820647
336,Nippon Life India Asset Management Ltd.,FINANCIAL SERVICES,NAM-INDIA,,,,,,349.0,-0.0008813919089361761,316503255.5226344
337,Oberoi Realty Ltd.,CONSTRUCTION,OBEROIRLTY,,,,,,582.9500122070312,-0.0020776900393908197,118353697.00529209
338,Oil & Natural Gas Corporation Ltd.,OIL & GAS,ONGC,,,,,,114.0999984741211,-0.0013043476215376416,998781912.9093995
339,Oil India Ltd.,OIL & GAS,OIL,,,,,,134.1999969482422,-0.0013628913297513325,195000040.7838446
340,Oracle Financial Services Software Ltd.,IT,OFSS,,,,,,3512.75,-0.0009952168749686055,149798934.83994088
341,Orient Electric Ltd.,CONSUMER GOODS,ORIENTELEC,,,,,,304.20001220703125,-0.0006482584495006385,62112887.49580631
342,Orient Refractories Ltd.,INDUSTRIAL MANUFACTURING,ORIENTREF,,,,,,310.6499938964844,-0.0020911467237366027,11796314.225026958
343,PI Industries Ltd.,FERTILISERS & PESTICIDES,PIIND,,,,,,2565.35009765625,-0.0011268322300590809,165771545.30876774
344,PNB Housing Finance Ltd.,FINANCIAL SERVICES,PNBHOUSING,,,,,,415.6499938964844,-0.001855911624423932,330555746.2580673
345,PNC Infratech Ltd.,CONSTRUCTION,PNCINFRA,,,,,,254.3999938964844,-0.0016571863997756344,52572627.77617594
346,PVR Ltd.,MEDIA ENTERTAINMENT & PUBLICATION,PVR,,,,,,1267.0,-0.00213677638027158,345474916.074067
347,Page Industries Ltd.,TEXTILES,PAGEIND,,,,,,31831.25,0.000632816571816266,273217752.1368147
348,Persistent Systems Ltd.,IT,PERSISTENT,,,,,,2515.050048828125,-0.0012745174252236822,92605026.16169555
349,Petronet LNG Ltd.,OIL & GAS,PETRONET,,,,,,236.1999969482422,-0.001625546215759583,388166226.9739745
350,Pfizer Ltd.,PHARMA,PFIZER,,,,,,5281.2998046875,-0.002065327597705911,57730028.02330817
351,Phillips Carbon Black Ltd.,CHEMICALS,PHILIPCARB,,,,,,223.6999969482422,0.003871195026342368,68547439.97957963
352,Phoenix Mills Ltd.,CONSTRUCTION,PHOENIXLTD,,,,,,805.2000122070312,-0.0014596905828938428,40886801.69315998
353,Pidilite Industries Ltd.,CHEMICALS,PIDILITIND,,,,,,2101.0,-0.001256402013982892,231415468.71288472
354,Piramal Enterprises Ltd.,FINANCIAL SERVICES,PEL,,,,,,1706.300048828125,-0.0013889108509687615,318230262.99870014
355,Poly Medicure Ltd.,HEALTHCARE SERVICES,POLYMED,,,,,,1018.0,-0.0009663139973150859,18438918.78959113
356,Polycab India Ltd.,INDUSTRIAL MANUFACTURING,POLYCAB,,,,,,1682.3499755859375,-0.0004780263690995085,358526376.6481052
357,Polyplex Corporation Ltd.,INDUSTRIAL MANUFACTURING,POLYPLEX,,,,,,1145.050048828125,-0.0021419507427064884,22130388.773009863
358,Power Finance Corporation Ltd.,FINANCIAL SERVICES,PFC,,,,,,118.6500015258789,-0.001053551153172806,567266202.0397954
359,Power Grid Corporation of India Ltd.,POWER,POWERGRID,,,,,,227.25,-0.0005619834797112691,911347487.1440839
360,Prestige Estates Projects Ltd.,CONSTRUCTION,PRESTIGE,,,,,,277.95001220703125,-0.002487285653552027,79503637.48149115
361,Prince Pipes and Fittings Ltd.,INDUSTRIAL MANUFACTURING,PRINCEPIPE,,,,,,735.8499755859375,-3.591713169123112e-05,138060057.70841107
362,Prism Johnson Ltd.,CEMENT & CEMENT PRODUCTS,PRSMJOHNSN,,,,,,135.75,-0.0026808409734994944,34815132.89667385
363,Procter & Gamble Health Ltd.,PHARMA,PGHL,,,,,,6032.0,-0.0010825943582865982,25880522.476578176
364,Procter & Gamble Hygiene & Health Care Ltd.,CONSUMER GOODS,PGHH,,,,,,13226.0,-0.00029395130995344646,24108309.02794795
365,Punjab National Bank,FINANCIAL SERVICES,PNB,,,,,,39.70000076293945,-0.0007979664655561111,1005521086.0486454
366,Quess Corp Ltd.,SERVICES,QUESS,,,,,,656.6500244140625,-0.0020899216028471422,142884341.71409997
367,RBL Bank Ltd.,FINANCIAL SERVICES,RBLBANK,,,,,,208.25,-0.0015805957308799216,2268767203.999652
368,REC Ltd.,FINANCIAL SERVICES,RECLTD,,,,,,142.35000610351562,-0.0011255446974224178,639778681.1708001
369,RITES Ltd.,SERVICES,RITES,,,,,,248.3000030517578,-0.001414275450301974,169886012.49610016
370,Radico Khaitan Ltd,CONSUMER GOODS,RADICO,,,,,,584.8499755859375,-0.003271141016635785,82973506.34911878
371,Rail Vikas Nigam Ltd.,CONSTRUCTION,RVNL,,,,,,30.200000762939453,-0.003158446328014511,194450615.9239508
372,Rain Industries Ltd,CHEMICALS,RAIN,,,,,,182.6000061035156,-0.0011470977965360228,104300179.39055073
373,Rajesh Exports Ltd.,CONSUMER GOODS,RAJESHEXPO,,,,,,523.3499755859375,-0.002486315290717998,116790811.87539737
374,Rallis India Ltd.,FERTILISERS & PESTICIDES,RALLIS,,,,,,308.8999938964844,-0.0022331969790122686,45320492.84964009
375,Rashtriya Chemicals & Fertilizers Ltd.,FERTILISERS & PESTICIDES,RCF,,,,,,87.80000305175781,-0.0038337793681287933,97663605.88301736
376,Ratnamani Metals & Tubes Ltd.,METALS,RATNAMANI,,,,,,1937.0,-0.0010277322184407748,10546333.071022136
377,Raymond Ltd.,TEXTILES,RAYMOND,,,,,,374.6499938964844,-0.0023704543964777223,130707303.04129043
378,Redington (India) Ltd.,SERVICES,REDINGTON,,,,,,187.9499969482422,-0.0017724284693347552,51630194.856569484
379,Relaxo Footwears Ltd.,CONSUMER GOODS,RELAXO,,,,,,1116.8499755859375,-0.0009405542862050403,44112992.537805505
380,Reliance Industries Ltd.,OIL & GAS,RELIANCE,,,,,,1973.449951171875,-0.0008642098520796169,5403572720.016755
381,Responsive Industries Ltd.,CONSUMER GOODS,RESPONIND,,,,,,157.9499969482422,-0.005885977162475723,7761388.749695474
382,Rossari Biotech Ltd.,CHEMICALS,ROSSARI,,,,,,1243.949951171875,0.00042680336495751556,482883607.6464029
383,Route Mobile Ltd.,IT,ROUTE,,,,,,1716.449951171875,0.0003597552964355561,1293582423.1703072
384,SBI Cards and Payment Services Ltd.,FINANCIAL SERVICES,SBICARD,,,,,,1028.449951171875,-0.0007693405288858322,2025649582.909647
385,SBI Life Insurance Company Ltd.,FINANCIAL SERVICES,SBILIFE,,,,,,972.1500244140624,-0.0001495672722302047,1058787504.7994088
386,SIS Ltd.,SERVICES,SIS,,,,,,395.1499938964844,-0.002546778974373422,44137881.562434874
387,SJVN Ltd.,POWER,SJVN,,,,,,27.0,-0.002405998622601655,26717327.869797017
388,SKF India Ltd.,INDUSTRIAL MANUFACTURING,SKFINDIA,,,,,,2400.10009765625,-0.0022495132551045346,25608666.283290744
389,SRF Ltd.,CHEMICALS,SRF,,,,,,6430.0,0.001577358473611792,302142501.65394
390,Sanofi India Ltd.,PHARMA,SANOFI,,,,,,7730.0,-0.0006721275222058194,36598442.56483363
391,Schaeffler India Ltd.,INDUSTRIAL MANUFACTURING,SCHAEFFLER,,,,,,5139.85009765625,-0.001602195270136401,14930610.070754865
392,Schneider Electric Infrastructure Ltd.,INDUSTRIAL MANUFACTURING,SCHNEIDER,,,,,,126.6999969482422,-0.0018537678951622166,24088612.987776257
393,Sequent Scientific Ltd.,PHARMA,SEQUENT,,,,,,276.04998779296875,-0.0022865097198610748,62970906.77629818
394,Sharda Cropchem Ltd.,FERTILISERS & PESTICIDES,SHARDACROP,,,,,,376.0,-0.0027041884987946073,32726814.20375429
395,Sheela Foam Ltd.,CONSUMER GOODS,SFL,,,,,,2074.25,-0.0012170461333863018,28687081.652539697
396,Shilpa Medicare Ltd.,PHARMA,SHILPAMED,,,,,,527.0,-0.0024147301683087037,36508337.74830741
397,Shipping Corporation of India Ltd.,SERVICES,SCI,,,,,,113.0,-0.0034434473974357437,92808503.3298792
398,Shoppers Stop Ltd.,CONSUMER SERVICES,SHOPERSTOP,,,,,,229.8000030517578,-0.0009803016702436287,27278429.61437333
399,Shree Cement Ltd.,CEMENT & CEMENT PRODUCTS,SHREECEM,,,,,,27113.05078125,0.0005560740222863412,203110492.36638856
400,Shriram City Union Finance Ltd.,FINANCIAL SERVICES,SHRIRAMCIT,,,,,,1809.4000244140625,-0.0005028710074953949,27924944.63296798
401,Shriram Transport Finance Co. Ltd.,FINANCIAL SERVICES,SRTRANSFIN,,,,,,1430.75,-0.0003617504070516775,645082019.1790301
402,Siemens Ltd.,INDUSTRIAL MANUFACTURING,SIEMENS,,,,,,1995.199951171875,-0.0009199923928648942,282317528.8145237
403,Sobha Ltd.,CONSTRUCTION,SOBHA,,,,,,478.0,-0.002982198211460045,98363228.78553434
404,Solar Industries India Ltd.,CHEMICALS,SOLARINDS,,,,,,1333.3499755859375,-0.00032693768630891293,14771345.090055335
405,Solara Active Pharma Sciences Ltd.,PHARMA,SOLARA,,,,,,1817.300048828125,0.000448807094328278,77613414.1960868
406,Sonata Software Ltd.,IT,SONATSOFTW,,,,,,638.1500244140625,-0.0040927891927375615,36034914.57512709
407,Spandana Sphoorty Financial Ltd.,FINANCIAL SERVICES,SPANDANA,,,,,,580.0,-0.005236083457287217,62270154.85129708
408,Spicejet Ltd.,SERVICES,SPICEJET,,,,,,81.5999984741211,-0.004304847127610262,306483218.6761728
409,Star Cement Ltd.,CEMENT & CEMENT PRODUCTS,STARCEMENT,,,,,,111.25,-0.003779252190869283,28234580.364025105
410,State Bank of India,FINANCIAL SERVICES,SBIN,,,,,,416.8500061035156,-0.0012186482091669768,3794975313.8115788
411,Steel Authority of India Ltd.,METALS,SAIL,,,,,,119.1999969482422,-0.0031113401476050677,2369944149.524091
412,Sterling And Wilson Solar Ltd.,CONSTRUCTION,SWSOLAR,,,,,,239.1499938964844,-0.0058725691994782545,168667852.52544975
413,Sterlite Technologies Ltd.,TELECOM,STLTECH,,,,,,240.9499969482422,-0.003214695750403363,122917514.57302421
414,Strides Pharma Science Ltd.,PHARMA,STAR,,,,,,809.6500244140625,-0.002025695562971532,255847672.8227513
415,Sudarshan Chemical Industries Ltd.,CHEMICALS,SUDARSCHEM,,,,,,678.3499755859375,0.0007179275875075537,24992023.500175543
416,Sumitomo Chemical India Ltd.,FERTILISERS & PESTICIDES,SUMICHEM,,,,,,317.75,-0.0021945167235040697,159448551.40119934
417,Sun Pharma Advanced Research Company Ltd.,PHARMA,SPARC,,,,,,232.9499969482422,-0.0012105562258382958,91603424.8457286
418,Sun Pharmaceutical Industries Ltd.,PHARMA,SUNPHARMA,,,,,,700.0,-0.0007374478046702524,1109726999.243134
419,Sun TV Network Ltd.,MEDIA ENTERTAINMENT & PUBLICATION,SUNTV,,,,,,532.8499755859375,-0.0009442796285036307,564607218.3156812
420,Sundaram Clayton Ltd.,AUTOMOBILE,SUNCLAYLTD,,,,,,3201.199951171875,0.000986646967142298,4258223.426559353
421,Sundaram Finance Ltd.,FINANCIAL SERVICES,SUNDARMFIN,,,,,,2399.949951171875,-0.0012264585360399396,27886090.17466979
422,Sundram Fasteners Ltd.,AUTOMOBILE,SUNDRMFAST,,,,,,776.2999877929688,-0.0025351452465712135,23850417.764696073
423,Sunteck Realty Ltd.,CONSTRUCTION,SUNTECK,,,,,,273.8500061035156,-0.002203438188541841,47658893.44589413
424,Suprajit Engineering Ltd.,AUTOMOBILE,SUPRAJIT,,,,,,271.5,-0.001658861164210849,9123566.730497241
425,Supreme Industries Ltd.,INDUSTRIAL MANUFACTURING,SUPREMEIND,,,,,,2253.25,-0.0009490603744867866,32670838.10340827
426,Supreme Petrochem Ltd.,CHEMICALS,SUPPETRO,,,,,,756.0,4.42676444000971e-06,8428370.319051
427,Suven Pharmaceuticals Ltd.,PHARMA,SUVENPHAR,,,,,,508.3999938964844,0.0017827543297319786,175590687.47659755
428,Suzlon Energy Ltd.,INDUSTRIAL MANUFACTURING,SUZLON,,,,,,5.900000095367432,-0.004422680188973547,819734368.873626
429,Swan Energy Ltd.,TEXTILES,SWANENERGY,,,,,,135.5,-0.004578765837594317,35189088.09797608
430,Symphony Ltd.,CONSUMER GOODS,SYMPHONY,,,,,,1097.25,-0.0014033084043879194,45260255.427572705
431,Syngene International Ltd.,HEALTHCARE SERVICES,SYNGENE,,,,,,582.7000122070312,-0.001375533962194265,129595263.81129652
432,TCI Express Ltd.,SERVICES,TCIEXP,,,,,,1364.75,-0.0012200129043057528,24487423.07889449
433,TCNS Clothing Co. Ltd.,TEXTILES,TCNSBRANDS,,,,,,575.1500244140625,-0.0020277863581252198,42247479.2925915
434,TTK Prestige Ltd.,CONSUMER GOODS,TTKPRESTIG,,,,,,8300.099609375,-0.0012803057023646682,70522858.237456
435,TV18 Broadcast Ltd.,MEDIA ENTERTAINMENT & PUBLICATION,TV18BRDCST,,,,,,40.650001525878906,-0.0015839096887212652,148095776.79069495
436,TVS Motor Company Ltd.,AUTOMOBILE,TVSMOTOR,,,,,,645.0,-0.0016847605087680511,310267616.7908513
437,Tanla Platforms Ltd.,IT,TANLA,,,,,,899.4500122070312,-0.004209612833282887,35328272.09008097
438,Tasty Bite Eatables Ltd.,CONSUMER GOODS,TASTYBITE,,,,,,15479.9501953125,-0.0006190330968100524,16028066.463387456
439,Tata Chemicals Ltd.,CHEMICALS,TATACHEM,,,,,,700.6500244140625,-0.0021557568048585865,250316057.1660413
440,Tata Coffee Ltd.,CONSUMER GOODS,TATACOFFEE,,,,,,180.8999938964844,-0.0031382623471657217,95954842.00967593
441,Tata Communications Ltd.,TELECOM,TATACOMM,,,,,,1067.1500244140625,-0.0019174399653207046,244210226.2168517
442,Tata Consultancy Services Ltd.,IT,TCS,,,,,,3160.5,-0.0007762024159816567,2635609826.430831
443,Tata Consumer Products Ltd.,CONSUMER GOODS,TATACONSUM,,,,,,643.3499755859375,-0.0017490236460345403,387267616.52635723
444,Tata Elxsi Ltd.,IT,TATAELXSI,,,,,,3564.0,-0.0017255061695067252,337913288.3318326
445,Tata Investment Corporation Ltd.,FINANCIAL SERVICES,TATAINVEST,,,,,,1053.3499755859375,-0.0014359942586888474,10559886.224913813
446,Tata Motors Ltd DVR,AUTOMOBILE,TATAMTRDVR,,,,,,149.5500030517578,-0.001256716935757489,446762372.95112675
447,Tata Motors Ltd.,AUTOMOBILE,TATAMOTORS,,,,,,317.1000061035156,-0.001541846439391523,2415217152.832964
448,Tata Power Co. Ltd.,POWER,TATAPOWER,,,,,,107.0500030517578,-0.0016709206285204004,410110619.42225146
449,Tata Steel Ltd.,METALS,TATASTEEL,,,,,,1078.0999755859375,-0.001636327457364709,2381381814.215967
450,Teamlease Services Ltd.,SERVICES,TEAMLEASE,,,,,,3496.0,-0.0010113304138436548,64247164.4759413
451,Tech Mahindra Ltd.,IT,TECHM,,,,,,1009.2000122070312,-0.0010695871291900088,1224275395.5602565
452,The New India Assurance Company Ltd.,FINANCIAL SERVICES,NIACL,,,,,,164.9499969482422,-0.0032784813277678434,67725838.61302267
453,The Ramco Cements Ltd.,CEMENT & CEMENT PRODUCTS,RAMCOCEM,,,,,,952.4000244140624,-0.000888389954474739,99880319.10280922
454,Thermax Ltd.,INDUSTRIAL MANUFACTURING,THERMAX,,,,,,1480.300048828125,-0.0017667802725738033,42454083.87474094
455,Thyrocare Technologies Ltd.,HEALTHCARE SERVICES,THYROCARE,,,,,,998.9500122070312,-0.0022089192689071216,85734912.0151534
456,Timken India Ltd.,INDUSTRIAL MANUFACTURING,TIMKEN,,,,,,1283.0999755859375,-6.435602981072723e-05,22798858.079578146
457,Titan Company Ltd.,CONSUMER GOODS,TITAN,,,,,,1591.699951171875,-0.0010842555394546228,653141779.7390867
458,Torrent Pharmaceuticals Ltd.,PHARMA,TORNTPHARM,,,,,,2705.449951171875,-0.0015923432543206752,202336910.90278658
459,Torrent Power Ltd.,POWER,TORNTPOWER,,,,,,427.6000061035156,-0.0009781714897556693,161525426.21602264
460,Trent Ltd.,CONSUMER SERVICES,TRENT,,,,,,826.0,0.00047650029950052733,62369858.387096964
461,Trident Ltd.,TEXTILES,TRIDENT,,,,,,17.049999237060547,-0.0025008672552913128,32509816.21394786
462,Triveni Turbine Ltd.,INDUSTRIAL MANUFACTURING,TRITURBINE,,,,,,103.4000015258789,-0.00256048258318425,11961342.207561772
463,Tube Investments of India Ltd.,AUTOMOBILE,TIINDIA,,,,,,1176.699951171875,-0.0015430335578271355,67108390.378105596
464,UCO Bank,FINANCIAL SERVICES,UCOBANK,,,,,,13.050000190734863,-0.003570925072338988,128839356.47227813
465,UFLEX Ltd.,INDUSTRIAL MANUFACTURING,UFLEX,,,,,,445.0499877929688,-0.0017870515518614693,49593825.414691746
466,UPL Ltd.,FERTILISERS & PESTICIDES,UPL,,,,,,812.5999755859375,0.0004761237679621642,712882344.9538971
467,UTI Asset Management Company Ltd.,FINANCIAL SERVICES,UTIAMC,,,,,,749.4500122070312,0.001963736698042366,219577349.23711696
468,Ujjivan Financial Services Ltd.,FINANCIAL SERVICES,UJJIVAN,,,,,,220.9499969482422,-0.0018854812198050815,612698905.4002154
469,Ujjivan Small Finance Bank Ltd.,FINANCIAL SERVICES,UJJIVANSFB,,,,,,30.049999237060547,-0.0043673753066235076,173243916.32744324
470,UltraTech Cement Ltd.,CEMENT & CEMENT PRODUCTS,ULTRACEMCO,,,,,,6543.9501953125,-0.0002704495639341331,674136863.5004973
471,Union Bank of India,FINANCIAL SERVICES,UNIONBANK,,,,,,34.400001525878906,-0.0006784231350605394,380663197.659282
472,United Breweries Ltd.,CONSUMER GOODS,UBL,,,,,,1289.050048828125,-0.0010725461851421741,315663315.22189695
473,United Spirits Ltd.,CONSUMER GOODS,MCDOWELL-N,,,,,,590.1500244140625,-0.0016682168911561798,950532383.9033718
474,V-Guard Industries Ltd.,CONSUMER GOODS,VGUARD,,,,,,244.3999938964844,-0.0006129420830395818,80889777.42272812
475,V-Mart Retail Ltd.,CONSUMER SERVICES,VMART,,,,,,2775.949951171875,-0.0010534077851259648,35044201.004395284
476,V.I.P. Industries Ltd.,CONSUMER GOODS,VIPIND,,,,,,359.5,0.0019388637282072977,123859945.8514077
477,VST Industries Ltd.,CONSUMER GOODS,VSTIND,,,,,,3290.199951171875,-0.0003948026270768801,10191367.748018695
478,Vaibhav Global Ltd.,CONSUMER SERVICES,VAIBHAVGBL,,,,,,830.0999755859375,0.0012376721480672139,14275400.692251576
479,Vakrangee Ltd.,IT,VAKRANGEE,,,,,,44.84999847412109,0.0010131018242102113,176600762.35809085
480,Valiant Organics Ltd.,CHEMICALS,VALIANTORG,,,,,,1580.0,-0.0044136710546722,68250436.64559898
481,Vardhman Textiles Ltd.,TEXTILES,VTL,,,,,,1307.0,0.0013769860445299062,18900567.181369487
482,Varroc Engineering Ltd.,AUTOMOBILE,VARROC,,,,,,405.9500122070313,-0.004825657544676129,57406005.239130035
483,Varun Beverages Ltd.,CONSUMER GOODS,VBL,,,,,,1017.2999877929688,-0.00015923931910922799,146264078.2370098
484,Vedanta Ltd.,METALS,VEDL,,,,,,272.1000061035156,-0.0013298229185065666,997704192.9418153
485,Venky's (India) Ltd.,CONSUMER GOODS,VENKEYS,,,,,,2307.050048828125,0.0029767999938829412,92145587.07198706
486,Vinati Organics Ltd.,CHEMICALS,VINATIORGA,,,,,,1790.0,-0.0017372751450322266,35132411.22207608
487,Vodafone Idea Ltd.,TELECOM,IDEA,,,,,,8.550000190734863,-0.0019817798591058654,968292746.252406
488,Voltas Ltd.,CONSUMER GOODS,VOLTAS,,,,,,991.0999755859376,-0.0017168205480166544,409320781.6307472
489,WABCO India Ltd.,AUTOMOBILE,WABCOINDIA,,,,,,6861.5498046875,0.0009373370658224607,19508084.721335202
490,Welspun Corp Ltd.,METALS,WELCORP,,,,,,145.5,-0.002634774439913424,117631324.48768707
491,Welspun India Ltd.,TEXTILES,WELSPUNIND,,,,,,92.6999969482422,-0.002815935379883803,51225571.14589811
492,Westlife Development Ltd.,CONSUMER SERVICES,WESTLIFE,,,,,,472.75,-0.0012960549195454485,93108329.29110354
493,Whirlpool of India Ltd.,CONSUMER GOODS,WHIRLPOOL,,,,,,2179.25,-0.0007316198892542573,42352902.69495518
494,Wipro Ltd.,IT,WIPRO,,,,,,528.8499755859375,-0.0006305590840458235,864035546.4664596
495,Wockhardt Ltd.,PHARMA,WOCKPHARMA,,,,,,775.0999755859375,-0.0023495897790602478,455298373.53108966
496,Yes Bank Ltd.,FINANCIAL SERVICES,YESBANK,,,,,,13.399999618530272,-0.0018279662766774302,2591249798.6874657
497,Zee Entertainment Enterprises Ltd.,MEDIA ENTERTAINMENT & PUBLICATION,ZEEL,,,,,,206.3000030517578,-0.0014253531426713314,1090033654.4462042
498,Zensar Technolgies Ltd.,IT,ZENSARTECH,,,,,,297.6000061035156,-0.0034298871197972988,20681479.90776169
499,Zydus Wellness Ltd.,CONSUMER GOODS,ZYDUSWELL,,,,,,2116.64990234375,-0.0014755491532675228,30248570.029384
500,eClerx Services Ltd.,IT,ECLERX,,,,,,1124.199951171875,-0.0003219243500121556,37640309.43901139
